id,user_id,restaurant_id,date,day,meal_time
MEAL_001_001,USR_001,RST_002,2025-05-12,Monday,Dinner
MEAL_001_002,USR_001,RST_003,2025-05-13,Tuesday,Lunch
MEAL_001_003,USR_001,RST_001,2025-05-13,Tuesday,Dinner
MEAL_001_004,USR_001,RST_004,2025-05-13,Tuesday,Midnight Snack
MEAL_001_005,USR_001,RST_005,2025-05-14,Wednesday,Lunch
MEAL_001_006,USR_001,RST_006,2025-05-14,Wednesday,Dinner
MEAL_001_007,USR_001,RST_007,2025-05-15,Thursday,Lunch
MEAL_001_008,USR_001,RST_001,2025-05-15,Thursday,Dinner
MEAL_001_009,USR_001,RST_008,2025-05-16,Friday,Lunch
MEAL_001_010,USR_001,RST_009,2025-05-16,Friday,Tea Time
MEAL_001_011,USR_001,RST_010,2025-05-19,Monday,Tea Time
MEAL_001_012,USR_001,RST_901,2025-05-19,Monday,Dinner
MEAL_001_013,USR_001,RST_004,2025-05-19,Monday,Midnight Snack
MEAL_001_014,USR_001,RST_011,2025-05-20,Tuesday,Tea Time
MEAL_001_015,USR_001,RST_012,2025-05-20,Tuesday,Late Dinner
MEAL_001_016,USR_001,RST_901,2025-05-21,Wednesday,Lunch
MEAL_001_017,USR_001,RST_013,2025-05-21,Wednesday,Linner
MEAL_001_018,USR_001,RST_014,2025-05-22,Thursday,Tea Time
MEAL_001_019,USR_001,RST_015,2025-05-22,Thursday,Late Dinner
MEAL_001_020,USR_001,RST_001,2025-05-22,Thursday,Midnight Snack
MEAL_001_021,USR_001,RST_016,2025-05-23,Friday,Lunch
MEAL_001_022,USR_001,RST_002,2025-05-23,Friday,Dinner
MEAL_001_023,USR_001,RST_007,2025-05-24,Saturday,Brunch
MEAL_001_024,USR_001,RST_012,2025-05-24,Saturday,Tea Time
MEAL_001_025,USR_001,RST_019,2025-05-24,Saturday,Dinner
MEAL_001_026,USR_001,RST_017,2025-05-25,Sunday,Lunch
MEAL_001_027,USR_001,RST_018,2025-05-25,Sunday,Dinner
MEAL_001_028,USR_001,RST_003,2025-05-26,Monday,Lunch
MEAL_001_029,USR_001,RST_017,2025-05-26,Monday,Dinner
MEAL_001_030,USR_001,RST_008,2025-05-27,Tuesday,Lunch
MEAL_001_031,USR_001,RST_001,2025-05-27,Tuesday,Dinner
MEAL_001_032,USR_001,RST_004,2025-05-28,Wednesday,Midnight Snack
MEAL_001_033,USR_001,RST_028,2025-05-28,Wednesday,Dinner
MEAL_001_034,USR_001,RST_017,2025-05-29,Thursday,Lunch
MEAL_001_035,USR_001,RST_001,2025-05-29,Thursday,Dinner
MEAL_001_036,USR_001,RST_011,2025-06-16,Monday,Lunch
MEAL_001_037,USR_001,RST_001,2025-06-16,Monday,Dinner
MEAL_001_038,USR_001,RST_016,2025-06-17,Tuesday,Lunch
MEAL_001_039,USR_001,RST_001,2025-06-17,Tuesday,Dinner
MEAL_001_040,USR_001,RST_018,2025-06-18,Wednesday,Lunch
MEAL_001_041,USR_001,RST_001,2025-06-18,Wednesday,Dinner
MEAL_001_042,USR_001,RST_031,2025-06-18,Wednesday,Midnight Snack
MEAL_001_043,USR_001,RST_058,2025-06-19,Thursday,Lunch
MEAL_001_044,USR_001,RST_028,2025-06-19,Thursday,Dinner
MEAL_001_045,USR_001,RST_059,2025-06-25,Wednesday,Late Dinner
MEAL_001_046,USR_001,RST_008,2025-06-26,Thursday,Brunch
MEAL_001_047,USR_001,RST_060,2025-06-26,Thursday,Linner
MEAL_001_048,USR_001,RST_019,2025-06-26,Thursday,Dinner
MEAL_001_049,USR_001,RST_011,2025-06-27,Friday,Lunch
MEAL_001_050,USR_001,RST_006,2025-06-27,Friday,Dinner
MEAL_001_051,USR_001,RST_004,2025-06-27,Friday,Midnight Snack
MEAL_001_052,USR_001,RST_014,2025-06-28,Saturday,Lunch
MEAL_001_053,USR_001,RST_013,2025-06-28,Saturday,Late Dinner
MEAL_001_054,USR_001,RST_008,2025-06-29,Sunday,Lunch
MEAL_001_055,USR_001,RST_045,2025-06-29,Sunday,Dinner
MEAL_001_056,USR_001,RST_007,2025-06-30,Monday,Lunch
MEAL_001_057,USR_001,RST_010,2025-06-30,Monday,Linner
MEAL_001_058,USR_001,RST_059,2025-06-30,Monday,Late Dinner
MEAL_001_059,USR_001,RST_061,2025-07-01,Tuesday,Lunch
MEAL_001_060,USR_001,RST_066,2025-07-01,Tuesday,Tea Time
MEAL_001_061,USR_001,RST_001,2025-07-01,Tuesday,Late Dinner
MEAL_001_062,USR_001,RST_068,2025-07-02,Wednesday,Breakfast
MEAL_001_063,USR_001,RST_045,2025-07-02,Wednesday,Dinner
MEAL_001_064,USR_001,RST_038,2025-07-02,Wednesday,Late Dinner
MEAL_001_065,USR_001,RST_069,2025-07-03,Thursday,Lunch
MEAL_001_066,USR_001,RST_012,2025-07-03,Thursday,Late Dinner
MEAL_001_067,USR_001,RST_031,2025-07-03,Thursday,Midnight Snack
MEAL_001_068,USR_001,RST_008,2025-07-04,Friday,Lunch
MEAL_001_069,USR_001,RST_066,2025-07-04,Friday,Linner
MEAL_001_070,USR_001,RST_024,2025-07-04,Friday,Midnight Snack
MEAL_001_071,USR_001,RST_006,2025-07-05,Saturday,Lunch
MEAL_001_072,USR_001,RST_013,2025-07-05,Saturday,Midnight Snack
MEAL_001_073,USR_001,RST_070,2025-07-06,Sunday,Lunch
MEAL_001_074,USR_001,RST_009,2025-07-06,Sunday,Lunch
MEAL_001_075,USR_001,RST_044,2025-07-06,Sunday,Dinner
MEAL_001_076,USR_001,RST_031,2025-07-06,Sunday,Late Dinner
MEAL_002_001,USR_002,RST_017,2025-05-12,Monday,Dinner
MEAL_002_002,USR_002,RST_025,2025-05-13,Tuesday,Lunch
MEAL_002_003,USR_002,RST_017,2025-05-13,Tuesday,Dinner
MEAL_002_004,USR_002,RST_007,2025-05-14,Wednesday,Lunch
MEAL_002_005,USR_002,RST_017,2025-05-14,Wednesday,Dinner
MEAL_002_006,USR_002,RST_026,2025-05-15,Thursday,Lunch
MEAL_002_007,USR_002,RST_006,2025-05-15,Thursday,Dinner
MEAL_002_008,USR_002,RST_017,2025-05-16,Friday,Lunch
MEAL_002_009,USR_002,RST_027,2025-05-16,Friday,Dinner
MEAL_002_010,USR_002,RST_017,2025-05-17,Saturday,Lunch
MEAL_002_011,USR_002,RST_028,2025-05-17,Saturday,Dinner
MEAL_002_012,USR_002,RST_017,2025-05-18,Sunday,Lunch
MEAL_002_013,USR_002,RST_029,2025-05-18,Sunday,Dinner
MEAL_002_014,USR_002,RST_007,2025-05-19,Monday,Lunch
MEAL_002_015,USR_002,RST_017,2025-05-19,Monday,Dinner
MEAL_002_016,USR_002,RST_017,2025-06-15,Sunday,Lunch
MEAL_002_017,USR_002,RST_027,2025-06-15,Sunday,Dinner
MEAL_002_018,USR_002,RST_067,2025-06-16,Monday,Lunch
MEAL_002_019,USR_002,RST_004,2025-06-16,Monday,Dinner
MEAL_002_020,USR_002,RST_025,2025-06-17,Tuesday,Lunch
MEAL_002_021,USR_002,RST_029,2025-06-17,Tuesday,Dinner
MEAL_002_022,USR_002,RST_003,2025-06-18,Wednesday,Lunch
MEAL_002_023,USR_002,RST_049,2025-06-18,Wednesday,Dinner
MEAL_002_024,USR_002,RST_017,2025-06-19,Thursday,Lunch
MEAL_002_025,USR_002,RST_004,2025-06-19,Thursday,Dinner
MEAL_002_026,USR_002,RST_007,2025-06-20,Friday,Lunch
MEAL_002_027,USR_002,RST_049,2025-06-20,Friday,Dinner
MEAL_002_028,USR_002,RST_034,2025-06-21,Saturday,Lunch
MEAL_002_029,USR_002,RST_049,2025-06-21,Saturday,Dinner
MEAL_002_030,USR_002,RST_017,2025-06-22,Sunday,Lunch
MEAL_002_031,USR_002,RST_044,2025-06-22,Sunday,Dinner
MEAL_002_032,USR_002,RST_003,2025-06-23,Monday,Lunch
MEAL_002_033,USR_002,RST_004,2025-06-23,Monday,Dinner
MEAL_002_034,USR_002,RST_005,2025-06-24,Tuesday,Lunch
MEAL_002_035,USR_002,RST_004,2025-06-24,Tuesday,Dinner
MEAL_002_036,USR_002,RST_025,2025-06-25,Wednesday,Lunch
MEAL_002_037,USR_002,RST_004,2025-06-25,Wednesday,Dinner
MEAL_002_038,USR_002,RST_003,2025-06-26,Thursday,Lunch
MEAL_002_039,USR_002,RST_029,2025-06-26,Thursday,Dinner
MEAL_002_040,USR_002,RST_007,2025-06-27,Friday,Lunch
MEAL_002_041,USR_002,RST_001,2025-06-27,Friday,Dinner
MEAL_002_042,USR_002,RST_003,2025-06-28,Saturday,Lunch
MEAL_002_043,USR_002,RST_034,2025-06-28,Saturday,Dinner
MEAL_003_001,USR_003,RST_020,2025-05-12,Monday,Lunch
MEAL_003_002,USR_003,RST_017,2025-05-13,Tuesday,Lunch
MEAL_003_003,USR_003,RST_020,2025-05-14,Wednesday,Lunch
MEAL_003_004,USR_003,RST_017,2025-05-15,Thursday,Lunch
MEAL_003_005,USR_003,RST_020,2025-05-16,Friday,Lunch
MEAL_003_006,USR_003,RST_014,2025-05-12,Monday,Dinner
MEAL_003_007,USR_003,RST_001,2025-05-13,Tuesday,Dinner
MEAL_003_008,USR_003,RST_021,2025-05-14,Wednesday,Dinner
MEAL_003_009,USR_003,RST_001,2025-05-16,Friday,Dinner
MEAL_003_010,USR_003,RST_022,2025-05-18,Sunday,Breakfast
MEAL_003_011,USR_003,RST_020,2025-05-18,Sunday,Lunch
MEAL_003_012,USR_003,RST_017,2025-05-19,Monday,Brunch
MEAL_003_013,USR_003,RST_023,2025-05-19,Monday,Brunch
MEAL_003_014,USR_003,RST_024,2025-05-19,Monday,Dinner
MEAL_003_015,USR_003,RST_901,2025-05-18,Sunday,Late Dinner
MEAL_003_016,USR_003,RST_020,2025-05-20,Tuesday,Brunch
MEAL_003_017,USR_003,RST_001,2025-05-20,Tuesday,Dinner
MEAL_003_018,USR_003,RST_020,2025-06-22,Sunday,Dinner
MEAL_003_019,USR_003,RST_061,2025-06-23,Monday,Lunch
MEAL_003_020,USR_003,RST_040,2025-06-23,Monday,Dinner
MEAL_003_021,USR_003,RST_061,2025-06-24,Tuesday,Lunch
MEAL_003_022,USR_003,RST_901,2025-06-24,Tuesday,Dinner
MEAL_003_023,USR_003,RST_061,2025-06-25,Wednesday,Lunch
MEAL_003_024,USR_003,RST_017,2025-06-26,Thursday,Lunch
MEAL_003_025,USR_003,RST_012,2025-06-26,Thursday,Dinner
MEAL_003_026,USR_003,RST_017,2025-06-27,Friday,Brunch
MEAL_003_027,USR_003,RST_017,2025-06-30,Monday,Lunch
MEAL_003_028,USR_003,RST_901,2025-06-30,Monday,Dinner
MEAL_003_029,USR_003,RST_025,2025-07-01,Tuesday,Lunch
MEAL_003_030,USR_003,RST_001,2025-07-01,Tuesday,Dinner
MEAL_003_031,USR_003,RST_006,2025-07-02,Wednesday,Lunch
MEAL_003_032,USR_003,RST_006,2025-07-02,Wednesday,Dinner
MEAL_003_033,USR_003,RST_017,2025-07-03,Thursday,Lunch
MEAL_003_034,USR_003,RST_024,2025-07-03,Thursday,Dinner
MEAL_003_035,USR_003,RST_063,2025-07-04,Friday,Lunch
MEAL_003_036,USR_003,RST_028,2025-07-04,Friday,Dinner
MEAL_003_037,USR_003,RST_014,2025-07-05,Saturday,Lunch
MEAL_003_038,USR_003,RST_020,2025-07-05,Saturday,Dinner
MEAL_003_039,USR_003,RST_901,2025-07-06,Sunday,Lunch
MEAL_003_040,USR_003,RST_901,2025-07-06,Sunday,Dinner
MEAL_004_001,USR_004,RST_017,2025-05-17,Saturday,Breakfast
MEAL_004_002,USR_004,RST_003,2025-05-17,Saturday,Lunch
MEAL_004_003,USR_004,RST_063,2025-05-17,Saturday,Dinner
MEAL_004_004,USR_004,RST_011,2025-05-18,Sunday,Lunch
MEAL_004_005,USR_004,RST_064,2025-05-18,Sunday,Dinner
MEAL_004_006,USR_004,RST_062,2025-05-19,Monday,Breakfast
MEAL_004_007,USR_004,RST_062,2025-05-19,Monday,Lunch
MEAL_004_008,USR_004,RST_064,2025-05-19,Monday,Dinner
MEAL_004_009,USR_004,RST_020,2025-05-20,Tuesday,Breakfast
MEAL_004_010,USR_004,RST_062,2025-05-20,Tuesday,Dinner
MEAL_004_011,USR_004,RST_017,2025-05-21,Wednesday,Linner
MEAL_004_012,USR_004,RST_017,2025-05-22,Thursday,Breakfast
MEAL_004_013,USR_004,RST_020,2025-05-22,Thursday,Lunch
MEAL_004_014,USR_004,RST_017,2025-05-23,Friday,Lunch
MEAL_004_015,USR_004,RST_064,2025-05-23,Friday,Dinner
MEAL_004_016,USR_004,RST_063,2025-05-24,Saturday,Lunch
MEAL_004_017,USR_004,RST_062,2025-05-24,Saturday,Dinner
MEAL_004_018,USR_004,RST_003,2025-05-25,Sunday,Brunch
MEAL_004_019,USR_004,RST_062,2025-05-25,Sunday,Dinner
MEAL_004_020,USR_004,RST_062,2025-06-16,Monday,Breakfast
MEAL_004_021,USR_004,RST_015,2025-06-16,Monday,Linner
MEAL_004_022,USR_004,RST_062,2025-06-17,Tuesday,Breakfast
MEAL_004_023,USR_004,RST_017,2025-06-17,Tuesday,Lunch
MEAL_004_024,USR_004,RST_032,2025-06-17,Tuesday,Dinner
MEAL_004_025,USR_004,RST_035,2025-06-18,Wednesday,Lunch
MEAL_004_026,USR_004,RST_017,2025-06-18,Wednesday,Dinner
MEAL_004_027,USR_004,RST_006,2025-06-19,Thursday,Lunch
MEAL_004_028,USR_004,RST_063,2025-06-19,Thursday,Dinner
MEAL_004_029,USR_004,RST_011,2025-06-20,Friday,Brunch
MEAL_004_030,USR_004,RST_004,2025-06-20,Friday,Dinner
MEAL_004_031,USR_004,RST_062,2025-06-21,Saturday,Breakfast
MEAL_004_032,USR_004,RST_063,2025-06-21,Saturday,Lunch
MEAL_004_033,USR_004,RST_062,2025-06-21,Saturday,Dinner
MEAL_004_034,USR_004,RST_062,2025-06-22,Sunday,Lunch
MEAL_004_035,USR_004,RST_029,2025-06-22,Sunday,Dinner
MEAL_004_036,USR_004,RST_062,2025-06-23,Monday,Brunch
MEAL_004_037,USR_004,RST_062,2025-06-23,Monday,Dinner
MEAL_004_038,USR_004,RST_017,2025-06-24,Tuesday,Brunch
MEAL_004_039,USR_004,RST_020,2025-06-24,Tuesday,Dinner
MEAL_004_040,USR_004,RST_062,2025-06-25,Wednesday,Brunch
MEAL_004_041,USR_004,RST_012,2025-06-25,Wednesday,Tea Time
MEAL_004_042,USR_004,RST_020,2025-06-25,Wednesday,Dinner
MEAL_004_043,USR_004,RST_020,2025-06-26,Thursday,Lunch
MEAL_004_044,USR_004,RST_024,2025-06-26,Thursday,Dinner
MEAL_004_045,USR_004,RST_050,2025-06-27,Friday,Linner
MEAL_004_046,USR_004,RST_017,2025-06-28,Saturday,Lunch
MEAL_004_047,USR_004,RST_064,2025-06-28,Saturday,Dinner
MEAL_004_048,USR_004,RST_062,2025-06-29,Sunday,Breakfast
MEAL_004_049,USR_004,RST_061,2025-06-29,Sunday,Lunch
MEAL_004_050,USR_004,RST_062,2025-06-29,Sunday,Dinner
MEAL_004_051,USR_004,RST_063,2025-06-30,Monday,Breakfast
MEAL_004_052,USR_004,RST_064,2025-06-30,Monday,Lunch
MEAL_004_053,USR_004,RST_062,2025-06-30,Monday,Dinner
MEAL_004_054,USR_004,RST_062,2025-07-01,Tuesday,Breakfast
MEAL_004_055,USR_004,RST_061,2025-07-01,Tuesday,Lunch
MEAL_004_056,USR_004,RST_020,2025-07-01,Tuesday,Dinner
MEAL_004_057,USR_004,RST_062,2025-07-02,Wednesday,Lunch
MEAL_004_058,USR_004,RST_020,2025-07-02,Wednesday,Dinner
MEAL_004_059,USR_004,RST_062,2025-07-03,Thursday,Brunch
MEAL_004_060,USR_004,RST_064,2025-07-03,Thursday,Linner
MEAL_004_061,USR_004,RST_062,2025-07-03,Thursday,Late Dinner
MEAL_004_062,USR_004,RST_042,2025-07-04,Friday,Lunch
MEAL_004_063,USR_004,RST_062,2025-07-04,Friday,Dinner
MEAL_004_064,USR_004,RST_017,2025-07-05,Saturday,Lunch
MEAL_004_065,USR_004,RST_017,2025-07-05,Saturday,Dinner
MEAL_004_066,USR_004,RST_062,2025-07-06,Sunday,Lunch
MEAL_004_067,USR_004,RST_020,2025-07-06,Sunday,Dinner
MEAL_005_001,USR_005,RST_010,2025-05-19,Monday,Tea Time
MEAL_005_002,USR_005,RST_004,2025-05-19,Monday,Midnight Snack
MEAL_005_003,USR_005,RST_011,2025-05-20,Tuesday,Tea Time
MEAL_005_004,USR_005,RST_012,2025-05-20,Tuesday,Late Dinner
MEAL_005_005,USR_005,RST_013,2025-05-21,Wednesday,Linner
MEAL_005_006,USR_005,RST_014,2025-05-22,Thursday,Tea Time
MEAL_005_007,USR_005,RST_015,2025-05-22,Thursday,Late Dinner
MEAL_005_008,USR_005,RST_016,2025-05-23,Friday,Lunch
MEAL_005_009,USR_005,RST_002,2025-05-23,Friday,Dinner
MEAL_005_010,USR_005,RST_007,2025-05-24,Saturday,Brunch
MEAL_005_011,USR_005,RST_012,2025-05-24,Saturday,Tea Time
MEAL_005_012,USR_005,RST_019,2025-05-24,Saturday,Dinner
MEAL_005_013,USR_005,RST_017,2025-05-25,Sunday,Lunch
MEAL_005_014,USR_005,RST_018,2025-05-25,Sunday,Dinner
MEAL_005_015,USR_005,RST_003,2025-05-26,Monday,Lunch
MEAL_005_016,USR_005,RST_017,2025-05-26,Monday,Dinner
MEAL_005_017,USR_005,RST_008,2025-05-27,Tuesday,Lunch
MEAL_005_018,USR_005,RST_001,2025-05-27,Tuesday,Dinner
MEAL_005_019,USR_005,RST_004,2025-05-28,Wednesday,Midnight Snack
MEAL_005_020,USR_005,RST_028,2025-05-28,Wednesday,Dinner
MEAL_005_021,USR_005,RST_017,2025-05-29,Thursday,Lunch
MEAL_005_022,USR_005,RST_001,2025-05-29,Thursday,Dinner
MEAL_005_023,USR_005,RST_011,2025-06-16,Monday,Lunch
MEAL_005_024,USR_005,RST_001,2025-06-16,Monday,Dinner
MEAL_005_025,USR_005,RST_016,2025-06-17,Tuesday,Lunch
MEAL_005_026,USR_005,RST_001,2025-06-17,Tuesday,Dinner
MEAL_005_027,USR_005,RST_018,2025-06-18,Wednesday,Lunch
MEAL_005_028,USR_005,RST_001,2025-06-18,Wednesday,Dinner
MEAL_005_029,USR_005,RST_058,2025-06-19,Thursday,Lunch
MEAL_005_030,USR_005,RST_028,2025-06-19,Thursday,Dinner
MEAL_005_031,USR_005,RST_002,2025-06-23,Monday,Dinner
MEAL_005_032,USR_005,RST_036,2025-06-24,Tuesday,Linner
MEAL_005_033,USR_005,RST_044,2025-06-24,Tuesday,Late Dinner
MEAL_005_034,USR_005,RST_059,2025-06-25,Wednesday,Late Dinner
MEAL_005_035,USR_005,RST_008,2025-06-26,Thursday,Brunch
MEAL_005_036,USR_005,RST_060,2025-06-26,Thursday,Linner
MEAL_005_037,USR_005,RST_019,2025-06-26,Thursday,Dinner
MEAL_005_038,USR_005,RST_011,2025-06-27,Friday,Lunch
MEAL_005_039,USR_005,RST_006,2025-06-27,Friday,Dinner
MEAL_005_040,USR_005,RST_004,2025-06-27,Friday,Midnight Snack
MEAL_005_041,USR_005,RST_014,2025-06-28,Saturday,Lunch
MEAL_005_042,USR_005,RST_013,2025-06-28,Saturday,Late Dinner
MEAL_005_043,USR_005,RST_008,2025-06-29,Sunday,Lunch
MEAL_005_044,USR_005,RST_045,2025-06-29,Sunday,Dinner
MEAL_005_045,USR_005,RST_007,2025-06-30,Monday,Lunch
MEAL_005_046,USR_005,RST_010,2025-06-30,Monday,Linner
MEAL_005_047,USR_005,RST_059,2025-06-30,Monday,Late Dinner
MEAL_005_048,USR_005,RST_061,2025-07-01,Tuesday,Lunch
MEAL_005_049,USR_005,RST_066,2025-07-01,Tuesday,Tea Time
MEAL_005_050,USR_005,RST_001,2025-07-01,Tuesday,Late Dinner
MEAL_005_051,USR_005,RST_068,2025-07-02,Wednesday,Breakfast
MEAL_005_052,USR_005,RST_045,2025-07-02,Wednesday,Dinner
MEAL_005_053,USR_005,RST_038,2025-07-02,Wednesday,Late Dinner
MEAL_005_054,USR_005,RST_069,2025-07-03,Thursday,Lunch
MEAL_005_055,USR_005,RST_012,2025-07-03,Thursday,Late Dinner
MEAL_005_056,USR_005,RST_008,2025-07-04,Friday,Lunch
MEAL_005_057,USR_005,RST_066,2025-07-04,Friday,Linner
MEAL_005_058,USR_005,RST_044,2025-07-06,Sunday,Dinner
MEAL_005_059,USR_005,RST_031,2025-07-06,Sunday,Late Dinner
MEAL_006_001,USR_006,RST_024,2025-06-22,Sunday,Lunch
MEAL_006_002,USR_006,RST_062,2025-06-22,Sunday,Dinner
MEAL_006_003,USR_006,RST_062,2025-06-23,Monday,Lunch
MEAL_006_004,USR_006,RST_071,2025-06-23,Monday,Late Dinner
MEAL_006_005,USR_006,RST_043,2025-06-24,Tuesday,Lunch
MEAL_006_006,USR_006,RST_034,2025-06-24,Tuesday,Dinner
MEAL_006_007,USR_006,RST_072,2025-06-25,Wednesday,Lunch
MEAL_006_008,USR_006,RST_080,2025-06-25,Wednesday,Dinner
MEAL_006_009,USR_006,RST_017,2025-06-26,Thursday,Lunch
MEAL_006_010,USR_006,RST_012,2025-06-26,Thursday,Late Dinner
MEAL_006_011,USR_006,RST_001,2025-06-27,Friday,Brunch
MEAL_006_012,USR_006,RST_003,2025-06-27,Friday,Dinner
MEAL_006_013,USR_006,RST_055,2025-06-28,Saturday,Lunch
MEAL_006_014,USR_006,RST_073,2025-06-28,Saturday,Dinner
MEAL_006_015,USR_006,RST_014,2025-06-29,Sunday,Lunch
MEAL_006_016,USR_006,RST_074,2025-06-29,Sunday,Dinner
MEAL_006_017,USR_006,RST_075,2025-06-30,Monday,Lunch
MEAL_006_018,USR_006,RST_075,2025-06-30,Monday,Late Dinner
MEAL_006_019,USR_006,RST_076,2025-07-01,Tuesday,Lunch
MEAL_006_020,USR_006,RST_040,2025-07-01,Tuesday,Dinner
MEAL_006_021,USR_006,RST_017,2025-07-02,Wednesday,Lunch
MEAL_006_022,USR_006,RST_009,2025-07-02,Wednesday,Linner
MEAL_006_023,USR_006,RST_077,2025-07-03,Thursday,Lunch
MEAL_006_024,USR_006,RST_078,2025-07-03,Thursday,Late Dinner
MEAL_006_025,USR_006,RST_002,2025-07-04,Friday,Brunch
MEAL_006_026,USR_006,RST_062,2025-07-04,Friday,Dinner
MEAL_006_027,USR_006,RST_006,2025-07-05,Saturday,Lunch
MEAL_006_028,USR_006,RST_061,2025-07-05,Saturday,Dinner
MEAL_006_029,USR_006,RST_071,2025-07-06,Sunday,Lunch
MEAL_006_030,USR_006,RST_079,2025-07-06,Sunday,Dinner
MEAL_006_031,USR_006,RST_017,2025-07-07,Monday,Lunch
MEAL_006_032,USR_006,RST_079,2025-07-07,Monday,Late Dinner
MEAL_006_033,USR_006,RST_035,2025-07-08,Tuesday,Lunch
MEAL_006_034,USR_006,RST_080,2025-07-08,Tuesday,Dinner
MEAL_006_035,USR_006,RST_008,2025-07-09,Wednesday,Lunch
MEAL_006_036,USR_006,RST_021,2025-07-09,Wednesday,Dinner
MEAL_006_037,USR_006,RST_073,2025-07-10,Thursday,Lunch
MEAL_006_038,USR_006,RST_012,2025-07-10,Thursday,Late Dinner
MEAL_006_039,USR_006,RST_017,2025-07-11,Friday,Brunch
MEAL_006_040,USR_006,RST_028,2025-07-11,Friday,Dinner
MEAL_006_041,USR_006,RST_081,2025-07-12,Saturday,Lunch
MEAL_006_042,USR_006,RST_076,2025-07-12,Saturday,Dinner
MEAL_007_001,USR_007,RST_004,2025-06-07,Saturday,Dinner
MEAL_007_002,USR_007,RST_007,2025-06-08,Sunday,Lunch
MEAL_007_003,USR_007,RST_008,2025-06-09,Monday,Lunch
MEAL_007_004,USR_007,RST_031,2025-06-10,Tuesday,Dinner
MEAL_007_005,USR_007,RST_049,2025-06-11,Wednesday,Dinner
MEAL_007_006,USR_007,RST_004,2025-06-12,Thursday,Lunch
MEAL_007_007,USR_007,RST_007,2025-06-13,Friday,Dinner
MEAL_007_008,USR_007,RST_008,2025-06-14,Saturday,Lunch
MEAL_007_009,USR_007,RST_031,2025-06-15,Sunday,Dinner
MEAL_007_010,USR_007,RST_049,2025-06-16,Monday,Lunch
MEAL_007_011,USR_007,RST_004,2025-06-17,Tuesday,Dinner
MEAL_007_012,USR_007,RST_007,2025-06-18,Wednesday,Lunch
MEAL_007_013,USR_007,RST_008,2025-06-19,Thursday,Dinner
MEAL_007_014,USR_007,RST_031,2025-06-20,Friday,Lunch
MEAL_007_015,USR_007,RST_049,2025-06-21,Saturday,Dinner
MEAL_007_016,USR_007,RST_004,2025-06-22,Sunday,Lunch
MEAL_007_017,USR_007,RST_007,2025-06-23,Monday,Dinner
MEAL_007_018,USR_007,RST_008,2025-06-24,Tuesday,Lunch
MEAL_007_019,USR_007,RST_031,2025-06-25,Wednesday,Dinner
MEAL_007_020,USR_007,RST_049,2025-06-26,Thursday,Lunch
MEAL_007_021,USR_007,RST_004,2025-06-27,Friday,Dinner
MEAL_007_022,USR_007,RST_007,2025-06-28,Saturday,Lunch
MEAL_007_023,USR_007,RST_008,2025-06-29,Sunday,Dinner
MEAL_007_024,USR_007,RST_031,2025-06-30,Monday,Lunch
MEAL_007_025,USR_007,RST_049,2025-07-01,Tuesday,Dinner
MEAL_007_026,USR_007,RST_004,2025-07-02,Wednesday,Dinner
MEAL_007_027,USR_007,RST_007,2025-07-03,Thursday,Lunch
MEAL_007_028,USR_007,RST_008,2025-07-04,Friday,Dinner
MEAL_007_029,USR_007,RST_031,2025-07-05,Saturday,Lunch
MEAL_007_030,USR_007,RST_049,2025-07-06,Sunday,Dinner
MEAL_007_031,USR_007,RST_004,2025-07-07,Monday,Lunch
MEAL_007_032,USR_007,RST_007,2025-07-08,Tuesday,Dinner
MEAL_007_033,USR_007,RST_008,2025-07-09,Wednesday,Lunch
MEAL_007_034,USR_007,RST_031,2025-07-10,Thursday,Dinner
MEAL_007_035,USR_007,RST_049,2025-07-11,Friday,Lunch
MEAL_007_036,USR_007,RST_004,2025-07-12,Saturday,Dinner
MEAL_007_037,USR_007,RST_007,2025-07-13,Sunday,Lunch
MEAL_007_038,USR_007,RST_008,2025-07-14,Monday,Dinner
MEAL_007_039,USR_007,RST_031,2025-07-15,Tuesday,Lunch
MEAL_007_040,USR_007,RST_049,2025-07-16,Wednesday,Dinner
MEAL_007_041,USR_007,RST_004,2025-07-17,Thursday,Lunch
MEAL_007_042,USR_007,RST_007,2025-07-18,Friday,Dinner
MEAL_007_043,USR_007,RST_008,2025-07-19,Saturday,Lunch
MEAL_007_044,USR_007,RST_031,2025-07-20,Sunday,Dinner
MEAL_007_045,USR_007,RST_049,2025-07-21,Monday,Lunch
MEAL_007_046,USR_007,RST_004,2025-07-22,Tuesday,Dinner
MEAL_007_047,USR_007,RST_007,2025-07-23,Wednesday,Lunch
MEAL_007_048,USR_007,RST_008,2025-07-24,Thursday,Dinner
MEAL_007_049,USR_007,RST_031,2025-07-25,Friday,Lunch
MEAL_007_050,USR_007,RST_049,2025-07-26,Saturday,Dinner
MEAL_007_051,USR_007,RST_004,2025-07-27,Sunday,Lunch
MEAL_007_052,USR_007,RST_007,2025-07-28,Monday,Dinner
MEAL_007_053,USR_007,RST_008,2025-07-29,Tuesday,Lunch
MEAL_007_054,USR_007,RST_031,2025-07-30,Wednesday,Dinner
MEAL_008_001,USR_008,RST_013,2025-06-07,Saturday,Dinner
MEAL_008_002,USR_008,RST_035,2025-06-08,Sunday,Brunch
MEAL_008_003,USR_008,RST_006,2025-06-10,Tuesday,Lunch
MEAL_008_004,USR_008,RST_060,2025-06-14,Saturday,Dinner
MEAL_008_005,USR_008,RST_023,2025-06-15,Sunday,Tea Time
MEAL_008_006,USR_008,RST_012,2025-06-17,Tuesday,Lunch
MEAL_008_007,USR_008,RST_013,2025-06-21,Saturday,Dinner
MEAL_008_008,USR_008,RST_035,2025-06-22,Sunday,Brunch
MEAL_008_009,USR_008,RST_006,2025-06-24,Tuesday,Lunch
MEAL_008_010,USR_008,RST_060,2025-06-28,Saturday,Dinner
MEAL_008_011,USR_008,RST_023,2025-06-29,Sunday,Tea Time
MEAL_008_012,USR_008,RST_012,2025-07-01,Tuesday,Lunch
MEAL_008_013,USR_008,RST_013,2025-07-05,Saturday,Dinner
MEAL_008_014,USR_008,RST_035,2025-07-06,Sunday,Brunch
MEAL_008_015,USR_008,RST_006,2025-07-08,Tuesday,Lunch
MEAL_008_016,USR_008,RST_060,2025-07-12,Saturday,Dinner
MEAL_008_017,USR_008,RST_023,2025-07-13,Sunday,Tea Time
MEAL_008_018,USR_008,RST_012,2025-07-15,Tuesday,Lunch
MEAL_008_019,USR_008,RST_013,2025-07-19,Saturday,Dinner
MEAL_008_020,USR_008,RST_035,2025-07-20,Sunday,Brunch
MEAL_008_021,USR_008,RST_006,2025-07-22,Tuesday,Lunch
MEAL_008_022,USR_008,RST_060,2025-07-26,Saturday,Dinner
MEAL_008_023,USR_008,RST_023,2025-07-27,Sunday,Tea Time
MEAL_008_024,USR_008,RST_012,2025-07-29,Tuesday,Lunch
MEAL_008_025,USR_008,RST_013,2025-08-02,Saturday,Dinner
MEAL_008_026,USR_008,RST_035,2025-08-03,Sunday,Brunch
MEAL_008_027,USR_008,RST_006,2025-08-05,Tuesday,Lunch
MEAL_008_028,USR_008,RST_060,2025-08-09,Saturday,Dinner
MEAL_008_029,USR_008,RST_023,2025-08-10,Sunday,Tea Time
MEAL_008_030,USR_008,RST_012,2025-08-12,Tuesday,Lunch
MEAL_008_031,USR_008,RST_013,2025-08-16,Saturday,Dinner
MEAL_008_032,USR_008,RST_035,2025-08-17,Sunday,Brunch
MEAL_008_033,USR_008,RST_006,2025-08-19,Tuesday,Lunch
MEAL_008_034,USR_008,RST_060,2025-08-23,Saturday,Dinner
MEAL_008_035,USR_008,RST_023,2025-08-24,Sunday,Tea Time
MEAL_008_036,USR_008,RST_012,2025-08-26,Tuesday,Lunch
MEAL_008_037,USR_008,RST_013,2025-08-30,Saturday,Dinner
MEAL_008_038,USR_008,RST_035,2025-08-31,Sunday,Brunch
MEAL_008_039,USR_008,RST_006,2025-09-02,Tuesday,Lunch
MEAL_008_040,USR_008,RST_060,2025-09-06,Saturday,Dinner
MEAL_008_041,USR_008,RST_023,2025-09-07,Sunday,Tea Time
MEAL_008_042,USR_008,RST_012,2025-09-09,Tuesday,Lunch
MEAL_008_043,USR_008,RST_013,2025-09-13,Saturday,Dinner
MEAL_008_044,USR_008,RST_035,2025-09-14,Sunday,Brunch
MEAL_008_045,USR_008,RST_006,2025-09-16,Tuesday,Lunch
MEAL_008_046,USR_008,RST_060,2025-09-20,Saturday,Dinner
MEAL_008_047,USR_008,RST_023,2025-09-21,Sunday,Tea Time
MEAL_008_048,USR_008,RST_012,2025-09-23,Tuesday,Lunch
MEAL_009_001,USR_009,RST_050,2025-06-07,Saturday,Dinner
MEAL_009_002,USR_009,RST_051,2025-06-09,Monday,Dinner
MEAL_009_003,USR_009,RST_041,2025-06-11,Wednesday,Dinner
MEAL_009_004,USR_009,RST_007,2025-06-13,Friday,Dinner
MEAL_009_005,USR_009,RST_050,2025-06-14,Saturday,Dinner
MEAL_009_006,USR_009,RST_051,2025-06-16,Monday,Dinner
MEAL_009_007,USR_009,RST_041,2025-06-18,Wednesday,Dinner
MEAL_009_008,USR_009,RST_007,2025-06-20,Friday,Dinner
MEAL_009_009,USR_009,RST_050,2025-06-21,Saturday,Dinner
MEAL_009_010,USR_009,RST_051,2025-06-23,Monday,Dinner
MEAL_009_011,USR_009,RST_041,2025-06-25,Wednesday,Dinner
MEAL_009_012,USR_009,RST_007,2025-06-27,Friday,Dinner
MEAL_009_013,USR_009,RST_050,2025-06-28,Saturday,Dinner
MEAL_009_014,USR_009,RST_051,2025-06-30,Monday,Dinner
MEAL_009_015,USR_009,RST_041,2025-07-02,Wednesday,Dinner
MEAL_009_016,USR_009,RST_007,2025-07-04,Friday,Dinner
MEAL_009_017,USR_009,RST_050,2025-07-05,Saturday,Dinner
MEAL_009_018,USR_009,RST_051,2025-07-07,Monday,Dinner
MEAL_009_019,USR_009,RST_041,2025-07-09,Wednesday,Dinner
MEAL_009_020,USR_009,RST_007,2025-07-11,Friday,Dinner
MEAL_009_021,USR_009,RST_050,2025-07-12,Saturday,Dinner
MEAL_009_022,USR_009,RST_051,2025-07-14,Monday,Dinner
MEAL_009_023,USR_009,RST_041,2025-07-16,Wednesday,Dinner
MEAL_009_024,USR_009,RST_007,2025-07-18,Friday,Dinner
MEAL_009_025,USR_009,RST_050,2025-07-19,Saturday,Dinner
MEAL_009_026,USR_009,RST_051,2025-07-21,Monday,Dinner
MEAL_009_027,USR_009,RST_041,2025-07-23,Wednesday,Dinner
MEAL_009_028,USR_009,RST_007,2025-07-25,Friday,Dinner
MEAL_009_029,USR_009,RST_050,2025-07-26,Saturday,Dinner
MEAL_009_030,USR_009,RST_051,2025-07-28,Monday,Dinner
MEAL_009_031,USR_009,RST_041,2025-07-30,Wednesday,Dinner
MEAL_009_032,USR_009,RST_007,2025-08-01,Friday,Dinner
MEAL_009_033,USR_009,RST_050,2025-08-02,Saturday,Dinner
MEAL_009_034,USR_009,RST_051,2025-08-04,Monday,Dinner
MEAL_009_035,USR_009,RST_041,2025-08-06,Wednesday,Dinner
MEAL_009_036,USR_009,RST_007,2025-08-08,Friday,Dinner
MEAL_009_037,USR_009,RST_050,2025-08-09,Saturday,Dinner
MEAL_009_038,USR_009,RST_051,2025-08-11,Monday,Dinner
MEAL_009_039,USR_009,RST_041,2025-08-13,Wednesday,Dinner
MEAL_009_040,USR_009,RST_007,2025-08-15,Friday,Dinner
MEAL_009_041,USR_009,RST_050,2025-08-16,Saturday,Dinner
MEAL_010_001,USR_010,RST_001,2025-06-07,Saturday,Late Dinner
MEAL_010_002,USR_010,RST_002,2025-06-08,Sunday,Midnight Snack
MEAL_010_003,USR_010,RST_015,2025-06-09,Monday,Late Dinner
MEAL_010_004,USR_010,RST_029,2025-06-10,Tuesday,Midnight Snack
MEAL_010_005,USR_010,RST_001,2025-06-11,Wednesday,Late Dinner
MEAL_010_006,USR_010,RST_002,2025-06-12,Thursday,Midnight Snack
MEAL_010_007,USR_010,RST_015,2025-06-13,Friday,Late Dinner
MEAL_010_008,USR_010,RST_029,2025-06-14,Saturday,Midnight Snack
MEAL_010_009,USR_010,RST_001,2025-06-15,Sunday,Late Dinner
MEAL_010_010,USR_010,RST_002,2025-06-16,Monday,Midnight Snack
MEAL_010_011,USR_010,RST_015,2025-06-17,Tuesday,Late Dinner
MEAL_010_012,USR_010,RST_029,2025-06-18,Wednesday,Midnight Snack
MEAL_010_013,USR_010,RST_001,2025-06-19,Thursday,Late Dinner
MEAL_010_014,USR_010,RST_002,2025-06-20,Friday,Midnight Snack
MEAL_010_015,USR_010,RST_015,2025-06-21,Saturday,Late Dinner
MEAL_010_016,USR_010,RST_029,2025-06-22,Sunday,Midnight Snack
MEAL_010_017,USR_010,RST_001,2025-06-23,Monday,Late Dinner
MEAL_010_018,USR_010,RST_002,2025-06-24,Tuesday,Midnight Snack
MEAL_010_019,USR_010,RST_015,2025-06-25,Wednesday,Late Dinner
MEAL_010_020,USR_010,RST_029,2025-06-26,Thursday,Midnight Snack
MEAL_010_021,USR_010,RST_001,2025-06-27,Friday,Late Dinner
MEAL_010_022,USR_010,RST_002,2025-06-28,Saturday,Midnight Snack
MEAL_010_023,USR_010,RST_015,2025-06-29,Sunday,Late Dinner
MEAL_010_024,USR_010,RST_029,2025-06-30,Monday,Midnight Snack
MEAL_010_025,USR_010,RST_001,2025-07-01,Tuesday,Late Dinner
MEAL_010_026,USR_010,RST_002,2025-07-02,Wednesday,Midnight Snack
MEAL_010_027,USR_010,RST_015,2025-07-03,Thursday,Late Dinner
MEAL_010_028,USR_010,RST_029,2025-07-04,Friday,Midnight Snack
MEAL_010_029,USR_010,RST_001,2025-07-05,Saturday,Late Dinner
MEAL_010_030,USR_010,RST_002,2025-07-06,Sunday,Midnight Snack
MEAL_010_031,USR_010,RST_015,2025-07-07,Monday,Late Dinner
MEAL_010_032,USR_010,RST_029,2025-07-08,Tuesday,Midnight Snack
MEAL_010_033,USR_010,RST_001,2025-07-09,Wednesday,Late Dinner
MEAL_010_034,USR_010,RST_002,2025-07-10,Thursday,Midnight Snack
MEAL_010_035,USR_010,RST_015,2025-07-11,Friday,Late Dinner
MEAL_010_036,USR_010,RST_029,2025-07-12,Saturday,Midnight Snack
MEAL_010_037,USR_010,RST_001,2025-07-13,Sunday,Late Dinner
MEAL_010_038,USR_010,RST_002,2025-07-14,Monday,Midnight Snack
MEAL_010_039,USR_010,RST_015,2025-07-15,Tuesday,Late Dinner
MEAL_010_040,USR_010,RST_029,2025-07-16,Wednesday,Midnight Snack
MEAL_010_041,USR_010,RST_001,2025-07-17,Thursday,Late Dinner
MEAL_010_042,USR_010,RST_002,2025-07-18,Friday,Midnight Snack
MEAL_010_043,USR_010,RST_015,2025-07-19,Saturday,Late Dinner
MEAL_010_044,USR_010,RST_029,2025-07-20,Sunday,Midnight Snack
MEAL_010_045,USR_010,RST_001,2025-07-21,Monday,Late Dinner
MEAL_010_046,USR_010,RST_002,2025-07-22,Tuesday,Midnight Snack
MEAL_010_047,USR_010,RST_015,2025-07-23,Wednesday,Late Dinner
MEAL_010_048,USR_010,RST_029,2025-07-24,Thursday,Midnight Snack
MEAL_010_049,USR_010,RST_001,2025-07-25,Friday,Late Dinner
MEAL_010_050,USR_010,RST_002,2025-07-26,Saturday,Midnight Snack
MEAL_010_051,USR_010,RST_015,2025-07-27,Sunday,Late Dinner
MEAL_010_052,USR_010,RST_029,2025-07-28,Monday,Midnight Snack
MEAL_010_053,USR_010,RST_001,2025-07-29,Tuesday,Late Dinner
MEAL_010_054,USR_010,RST_002,2025-07-30,Wednesday,Midnight Snack
MEAL_010_055,USR_010,RST_015,2025-07-31,Thursday,Late Dinner
MEAL_010_056,USR_010,RST_029,2025-08-01,Friday,Midnight Snack
MEAL_010_057,USR_010,RST_001,2025-08-02,Saturday,Late Dinner
MEAL_010_058,USR_010,RST_002,2025-08-03,Sunday,Midnight Snack
MEAL_010_059,USR_010,RST_015,2025-08-04,Monday,Late Dinner